1;Ключ 8х10;0;15000.00;BAS
2;Ключ 10х12;1;5000.00;BAS
3;Ключ 12х14;5;400.00;BAS
4;Ключ 13х17;0;15500.00;BAS
5;Ключ 8х10;0;5000.00;BOSH
6;Ключ 10х12;1;15000.00;BOSH
7;Ключ 12х14;5;1400.00;BOSH
8;Ключ 13х17;0;5500.00;BOSH
9;Ключ 8х10;0;1500.00;Makita
10;Ключ 10х12;1;500.00;Makita
11;Ключ 12х14;5;4000.00;Makita
12;Ключ 13х17;0;1500.00;Makita
13;Ключ из нержавеющей стали 17;4;2560.00;Энкор
14;Ключ из нержавеющей стали 19;2;3560.00;Энкор
15;Ключ из нержавеющей стали 22;0;5060.00;Энкор
16;Ключ из нержавеющей стали 24;1;5600.00;Энкор
17;Ключ из нержавеющей стали 32;4;12560.00;Энкор
18;Ключ из нержавеющей стали 36;0;25600.00;Энкор
19;Ключ из нержавеющей стали 17;4;2590.00;BAS
20;Ключ из нержавеющей стали 19;2;3570.00;BOSH
21;Ключ из нержавеющей стали 22;0;5260.00;Makita
22;Ключ из нержавеющей стали 24;1;5800.00;DWG
23;Ключ из нержавеющей стали 32;4;12160.00;DWG
24;Ключ из нержавеющей стали 36;0;22600.00;DWG
25;Ключ накидной рожковый 8х10;0;15000.00;BAS
26;Ключ накидной рожковый 10х12;1;5000.00;BAS
27;Ключ накидной рожковый 12х14;5;400.00;BAS
28;Ключ накидной рожковый 13х17;0;15500.00;BAS
29;Ключ накидной рожковый 8х10;0;5000.00;BOSH
30;Ключ накидной рожковый 10х12;1;15000.00;BOSH
31;Ключ накидной рожковый 12х14;5;1400.00;BOSH
32;Ключ накидной рожковый 13х17;0;5500.00;BOSH
33;Ключ накидной рожковый 8х10;0;1500.00;Makita
34;Ключ накидной рожковый 10х12;1;500.00;Makita
35;Ключ накидной рожковый 12х14;5;4000.00;Makita
36;Ключ накидной рожковый 13х17;0;1500.00;Makita
37;Ключ из плохой стали 17;4;560.00;Huawei
38;Ключ из плохой стали 19;2;560.00;Huawei
39;Ключ из плохой стали 22;0;60.00;Huawei
40;Ключ из плохой стали 24;1;600.00;DWG
41;Ключ из плохой стали 32;4;560.00;DWG
42;Ключ из плохой стали 36;0;600.00;Makita
43;Ключ из плохой стали 17;4;90.00;BAS
44;Ключ из плохой стали 19;2;70.00;BOSH
45;Ключ из плохой стали 22;0;60.00;Makita
46;Ключ из плохой стали 24;1;800.00;DWG
47;Ключ из плохой стали 32;4;160.00;DWG
48;Ключ из плохой стали 36;0;600.00;DWG
